<?xml version="1.0" encoding="UTF-8" standalone="no"?>
<oneoff_actions>
    <oracle.xdk.rsf opt_req="O" version="12.2.0.1.0">
        <archive name="libxml12.a" object_name="lib/libxml12.a/jznu.o" path="%ORACLE_HOME%/lib"/>
    </oracle.xdk.rsf>
    <oracle.rdbms opt_req="O" version="12.2.0.1.0">
        <make change_dir="%ORACLE_HOME%/rdbms/lib" make_file="ins_rdbms.mk" make_target="client_sharedlib"/>
        <make change_dir="%ORACLE_HOME%/rdbms/lib" make_file="ins_rdbms.mk" make_target="ioracle"/>
    </oracle.rdbms>
    <oracle.rdbms.rsf opt_req="O" version="12.2.0.1.0">
        <make change_dir="%ORACLE_HOME%/network/lib" make_file="ins_net_client.mk" make_target="client_sharedlib"/>
    </oracle.rdbms.rsf>
</oneoff_actions>
