<?xml version="1.0" encoding="UTF-8" standalone="no"?>
<oneoff_inventory>
    <opack_version version="14.1.0.1.2"/>
    <patch_id number="27486853"/>
    <unique_patch_id>21922926</unique_patch_id>
    <cannot_autorollback>false</cannot_autorollback>
    <date_of_patch day="2" month="Feb" time="14:42:15 hrs" year="2018" zone="PST8PDT"/>
    <base_bugs>
        <bug description="LARGE NUMBER OF DIGITS IN NUMERIC EXPONENT GIVES WRONG RESULTS" number="27450783"/>
        <bug description="JSON RENDERER OMITS LEADING 0 ON FRACTIONAL VALUES" number="27459909"/>
    </base_bugs>
    <required_components>
        <component internal_name="oracle.xdk.rsf" opt_req="O" version="12.2.0.1.0"/>
        <component internal_name="oracle.rdbms" opt_req="O" version="12.2.0.1.0"/>
        <component internal_name="oracle.rdbms.rsf" opt_req="O" version="12.2.0.1.0"/>
    </required_components>
    <os_platforms>
        <platform id="226" name="Linux x86-64"/>
    </os_platforms>
    <executables>
        <executable path="%ORACLE_HOME%/bin/oracle"/>
        <executable path="%ORACLE_HOME%/lib/libclntsh.so.12.1"/>
    </executables>
    <instance_shutdown>true</instance_shutdown>
    <instance_shutdown_message/>
    <online_rac_installable>true</online_rac_installable>
    <run_as_root>false</run_as_root>
    <sql_migrate>false</sql_migrate>
    <wls_prereq_oneoffs/>
    <prereq_oneoffs/>
    <overlay_oneoffs/>
    <patch_type value="singleton"/>
    <patch_language value="en"/>
    <product_family value="db"/>
    <patching_model value="one-off"/>
    <auto>false</auto>
    <translatable>false</translatable>
</oneoff_inventory>
